{
  "solidVolumefraction": 0.33,
  "leverettCoefs": [1.34e-3,
                    4.98e-3,
                    3.97e-3,
                    9.404,
                    11.19],
  "theta": 100,
  "Permeability": 1,
  "BruggemanCoefficient": 1.5,
  "sp": {
    "OH": {
      "MW": 0.0170068,
      "V0": -3.98e-6,
      "D":  3.5e-9,
      "t": 0.73
    },
    "K": {
      "MW": 0.0390983,
      "V0": 9.02e-6,
      "t" : 0.27
    },
    "H2O": {
      "MW": 0.0180147,
      "beta": 14,
      "kLV": 1,
      "mu0": -237140
      "V0": 18e-6
    }
  }
}
