{ "nominalcellcapacity" : 63.7,
  "OCP" : {
    "functionFormat" : "tabulated",
    "argumentList" : ["SOC"],
    "dataX" : [0.000000, 0.020000, 0.040000, 0.060000, 0.080000, 0.100000, 0.120000, 0.140000, 0.160000, 0.180000, 0.200000, 0.220000, 0.240000, 0.260000, 0.280000, 0.300000, 0.320000, 0.340000, 0.360000, 0.380000, 0.400000, 0.420000, 0.440000, 0.460000, 0.480000, 0.500000, 0.520000, 0.540000, 0.560000, 0.580000, 0.600000, 0.620000, 0.640000, 0.660000, 0.680000, 0.700000, 0.720000, 0.740000, 0.760000, 0.780000, 0.800000, 0.820000, 0.840000, 0.860000, 0.880000, 0.900000, 0.920000, 0.940000, 0.960000, 0.980000, 1.000000],
    "dataY" : [3.126000, 3.273000, 3.380000, 3.447000, 3.470000, 3.480000, 3.489000, 3.500000, 3.515000, 3.533000, 3.551000, 3.567000, 3.582000, 3.594000, 3.602000, 3.609000, 3.614000, 3.620000, 3.625000, 3.631000, 3.637000, 3.643000, 3.649000, 3.657000, 3.665000, 3.674000, 3.684000, 3.696000, 3.710000, 3.727000, 3.750000, 3.775000, 3.798000, 3.818000, 3.838000, 3.858000, 3.877000, 3.897000, 3.917000, 3.937000, 3.958000, 3.979000, 4.000000, 4.022000, 4.044000, 4.066000, 4.089000, 4.112000, 4.135000, 4.159000, 4.182000]},
  
  "R0" : 10,
  "R1" : 10,
  "C1" : 10,
  "R2" : 10,
  "C2" : 10,
  "initSOC" : 10,
  "initOverpotential2" : 10,
  "lowerVoltageCutoff" : 10}
