{
  "saturationConcentration": 26390,
  "volumetricSurfaceArea": 1878260,
  "density": 3450,
  "numberOfElectronsTransferred" : 1,
  "activationEnergyOfReaction": 4000,
  "reactionRateConstant": 3.626e-11,
  "guestStoichiometry100": 0.14778,
  "guestStoichiometry0": 0.999,
  "chargeTransferCoefficient": 0.5,
  "openCircuitPotential": {"functionFormat": "tabulated",
                           "argumentList" : ["stoichiometry"],
                           "dataX" : [0.00, 0.01, 0.02, 0.03, 0.04, 0.05, 0.10, 0.15, 0.20, 0.25, 0.30, 0.35, 0.40, 0.45, 0.50, 0.55, 0.60, 0.65, 0.70, 0.75, 0.80, 0.85, 0.90, 0.95, 0.96, 0.97, 0.98, 0.99, 1.00],
                           "dataY" : [4.1433, 3.9121, 3.7272, 3.6060, 3.5326, 3.4898, 3.4360, 3.4326, 3.4323, 3.4323, 3.4323, 3.4323, 3.4323, 3.4323, 3.4323, 3.4323, 3.4323, 3.4323, 3.4323, 3.4323, 3.4322, 3.4311, 3.4142, 3.2515, 3.1645, 3.0477, 2.8999, 2.7312, 2.5895]},
  "entropyChange" : {"functionFormat": "tabulated",
                     "argumentList" : ["stoichiometry"],
                     "dataX" : [9.51362e-3, 1.47563e-2, 1.88127e-2, 2.96637e-2, 3.93120e-2, 4.33465e-2, 4.85859e-2, 7.50118e-2, 9.89830e-2, 1.48402e-1, 1.98433e-1, 2.46058e-1, 2.98568e-1, 3.76665e-1, 4.72455e-1, 5.49330e-1, 5.99287e-1, 6.48694e-1, 6.99324e-1, 7.49958e-1, 7.99373e-1, 8.48853e-1, 8.98889e-1, 9.48941e-1, 9.62152e-1, 9.79765e-1, 9.84685e-1, 9.89111e-1],
                     "dataY" : [-4.04346e-4, -2.98844e-4, -2.07750e-4, -1.51978e-4, -1.03643e-4, -3.25336e-6, 1.03643e-4, 2.27735e-5, -5.20537e-5, -5.15890e-5, -5.15890e-5, -6.64615e-5, -8.31930e-5, -8.31930e-5, -8.31930e-5, -8.27282e-5, -5.15890e-5, -4.60118e-5, -4.13641e-5, -3.85755e-5, -3.62517e-5, -6.18138e-5, -6.41376e-5, -7.29682e-5, -2.42143e-4, -4.67089e-4, -2.24482e-4, -3.11393e-5]},
  "referenceTemperature" : 298.15
}
                     
                     
